C/C(=C\C(=O)O)c1ccc2c(c1)C(=O)c1ccc(/C(C)=C/C(=O)O)cc1C2=O,-0.43,14
CC(C)(CC(=O)O)c1ccc2c(c1C(C)(C)CC(=O)O)C(=O)c1ccccc1C2=O,-0.499,14
CC(C)=CCC1=C(O)c2ccccc2C(=O)C1=O,0.3333,0
CC(C)=CCC1=C(O)c2ccccc2C(=O)C1=O,-0.1287,7
CC(C)=CCC1=C(O)c2ccccc2C(=O)C1=O,-0.433,13
CC(CC(=O)O)c1ccc2c(c1)C(=O)c1ccc(C(C)CC(=O)O)cc1C2=O,-0.48,14
CN(C)c1ccc2c(c1)Sc1ccccc1N2,0.62,0
COc1cc(O)c2cnncc2c1O,0.722,0
COc1ccc2c(c1)C(=O)c1cnncc1C2=O,0.538,0
COc1ccc2c(c1)C(=O)c1cnncc1C2=O,-0.088,14
Cc1c(C)c(O)c2cnncc2c1O,0.691,0
Cc1cc(O)c(S(=O)(=O)O)c(C)c1O,0.522,0
Cc1cc(O)c2c(c1)C(=O)c1cc(O)cc(O)c1C2=O,-0.041,0
Cc1cc(O)c2c(c1)C(=O)c1cc(O)cc(O)c1C2=O,-0.3862,7
Cc1cc(O)c2c(c1)C(=O)c1cc(O)cc(O)c1C2=O,-0.631,13
Cc1cc(O)ccc1O,0.641,0
Nc1c(S(=O)(=O)O)cc(Br)c2c1C(=O)c1ccccc1C2=O,0.144,0
Nc1c(S(=O)(=O)O)cc(Br)c2c1C(=O)c1ccccc1C2=O,-0.35,7
Nc1c(S(=O)(=O)O)cc(Br)c2c1C(=O)c1ccccc1C2=O,-0.52,13
Nc1ccc2c(c1)Sc1cc(N)ccc1N2,0.58,0
O=C(O)C=Cc1ccc2c(c1)C(=O)c1ccc(C=CC(=O)O)cc1C2=O,-0.389,14
O=C(O)CCCc1ccc2c(c1CCCC(=O)O)C(=O)c1ccccc1C2=O,-0.456,14
O=C(O)CCc1ccc2c(c1)C(=O)c1ccc(CCC(=O)O)cc1C2=O,-0.456,14
O=C(O)c1cc(O)c2c(c1)C(=O)c1cccc(O)c1C2=O,0.0419,0
O=C(O)c1cc(O)c2c(c1)C(=O)c1cccc(O)c1C2=O,-0.2671,7
O=C(O)c1cc(O)c2c(c1)C(=O)c1cccc(O)c1C2=O,-0.5462,13
O=C(O)c1cnccn1,-0.0133,0
O=C1C(Cl)=C(Cl)C(=O)c2c(O)ccc(O)c21,0.4,13
O=C1C(O)=C(Cl)C(=O)C(O)=C1Cl,0.3941,0
O=C1C(O)=C(Cl)C(=O)C(O)=C1Cl,-0.3034,7
O=C1C(O)=C(Cl)C(=O)C(O)=C1Cl,-0.61,13
O=C1C(O)=C(O)C(=O)C(O)=C1O,0.28,0
O=C1C(O)=C(O)C(=O)C(O)=C1O,-0.21,7
O=C1C=C(O)C(=O)C=C1O,0.3824,0
O=C1C=C(O)C(=O)C=C1O,-0.3037,7
O=C1C=C(O)C(=O)C=C1O,-0.7322,13
O=C1C=C(O)c2ccccc2C1=O,0.3084,0
O=C1C=C(O)c2ccccc2C1=O,-0.1943,7
O=C1C=C(O)c2ccccc2C1=O,-0.481,13
O=C1C=C(S(=O)(=O)O)c2ccccc2C1=O,0.551,0
O=C1C=C(S(=O)(=O)O)c2ccccc2C1=O,0.245,7
O=C1C=C(S(=O)(=O)O)c2ccccc2C1=O,-0.0814,13
O=C1C=c2nc3ccc(C(=O)O)cc3nc2=CC1=O,-0.88,14
O=C1C=c2nc3ccc(S(=O)(=O)O)cc3nc2=CC1=O,-0.86,14
O=C1C=c2nc3ccccc3nc2=CC1=O,-0.82,14
O=C1c2c(O)c(S(=O)(=O)O)cc(O)c2C(=O)c2c(O)c(S(=O)(=O)O)c(O)c(O)c21,0.133,0
O=C1c2c(O)cc(S(=O)(=O)O)c(O)c2C(=O)c2c(O)c(S(=O)(=O)O)cc(O)c21,0.118,0
O=C1c2c(O)cc(S(=O)(=O)O)c(O)c2C(=O)c2c(O)cc(S(=O)(=O)O)c(O)c21,0.116,0
O=C1c2c(O)ccc(O)c2C(=O)c2c(O)c(CS(=O)(=O)O)c(CS(=O)(=O)O)c(O)c21,0.02,0
O=C1c2c(O)ccc(O)c2C(=O)c2c(O)ccc(O)c21,0.2004,0
O=C1c2c(O)ccc(O)c2C(=O)c2c(O)ccc(O)c21,-0.2494,7
O=C1c2c(O)ccc(O)c2C(=O)c2c(O)ccc(O)c21,-0.5891,13
O=C1c2ccc(/C=C/CS(=O)(=O)O)cc2C(=O)c2ccc(/C=C/CS(=O)(=O)O)cc21,-0.474,14
O=C1c2ccc(C=CP(=O)(O)O)cc2C(=O)c2ccc(C=CP(=O)(O)O)cc21,-0.398,14
O=C1c2ccc(C=CS(=O)(=O)O)cc2C(=O)c2ccc(C=CS(=O)(=O)O)cc21,-0.362,14
O=C1c2ccc(CCCS(=O)(=O)O)cc2C(=O)c2ccc(CCCS(=O)(=O)O)cc21,-0.469,14
O=C1c2ccc(CCP(=O)(O)O)cc2C(=O)c2ccc(CCP(=O)(O)O)cc21,-0.468,14
O=C1c2ccc(CCS(=O)(=O)O)cc2C(=O)c2ccc(CCS(=O)(=O)O)cc21,-0.436,14
O=C1c2ccc(O)c(O)c2C(=O)c2c(O)ccc(O)c21,-0.0845,0
O=C1c2ccc(O)c(O)c2C(=O)c2c(O)ccc(O)c21,-0.4143,7
O=C1c2ccc(O)c(O)c2C(=O)c2c(O)ccc(O)c21,-0.691,13
O=C1c2ccc(O)cc2C(=O)c2ccc(O)cc21,0.0394,0
O=C1c2ccc(O)cc2C(=O)c2ccc(O)cc21,-0.381,7
O=C1c2ccc(O)cc2C(=O)c2ccc(O)cc21,-0.7016,13
O=C1c2ccc(S(=O)(=O)O)c(O)c2C(=O)c2c1ccc(S(=O)(=O)O)c2O,0.12,0
O=C1c2ccc(S(=O)(=O)O)c(O)c2C(=O)c2ccc(S(=O)(=O)O)c(O)c21,0.206,0
O=C1c2ccc(S(=O)(=O)O)cc2C(=O)c2cc(S(=O)(=O)O)ccc21,0.1655,0
O=C1c2ccc(S(=O)(=O)O)cc2C(=O)c2cc(S(=O)(=O)O)ccc21,0.21,0
O=C1c2ccc(S(=O)(=O)O)cc2C(=O)c2cc(S(=O)(=O)O)ccc21,-0.161,7
O=C1c2ccc(S(=O)(=O)O)cc2C(=O)c2cc(S(=O)(=O)O)ccc21,-0.2812,13
O=C1c2cccc(O)c2C(=O)c2c(O)cc(CO)cc21,-0.0089,0
O=C1c2cccc(O)c2C(=O)c2c(O)cc(CO)cc21,-0.3097,7
O=C1c2cccc(O)c2C(=O)c2c(O)cc(CO)cc21,-0.5294,13
O=C1c2cccc(O)c2C(=O)c2c(O)cccc21,-0.03,0
O=C1c2cccc(O)c2C(=O)c2c(O)cccc21,-0.3653,7
O=C1c2cccc(O)c2C(=O)c2c(O)cccc21,-0.5374,13
O=C1c2cccc(O)c2C(=O)c2cccc(O)c21,-0.0171,0
O=C1c2cccc(O)c2C(=O)c2cccc(O)c21,-0.3,7
O=C1c2cccc(O)c2C(=O)c2cccc(O)c21,-0.5202,13
O=C1c2cccc(S(=O)(=O)O)c2C(=O)c2c1cccc2S(=O)(=O)O,0.0274,0
O=C1c2cccc(S(=O)(=O)O)c2C(=O)c2c1cccc2S(=O)(=O)O,-0.2327,7
O=C1c2cccc(S(=O)(=O)O)c2C(=O)c2c1cccc2S(=O)(=O)O,-0.4644,13
O=C1c2cccc(S(=O)(=O)O)c2C(=O)c2cccc(S(=O)(=O)O)c21,-0.034,0
O=C1c2cccc(S(=O)(=O)O)c2C(=O)c2cccc(S(=O)(=O)O)c21,-0.161,7
O=C1c2cccc(S(=O)(=O)O)c2C(=O)c2cccc(S(=O)(=O)O)c21,-0.5012,13
O=C1c2ccccc2C(=O)c2c(O)c(CS(=O)(=O)O)c(CS(=O)(=O)O)c(O)c21,0.02,0
O=C1c2ccccc2C(=O)c2c(O)c(S(=O)(=O)O)cc(O)c21,1.05,0
O=C1c2ccccc2C(=O)c2c(O)c(SCCS(=O)(=O)O)c(SCCS(=O)(=O)O)c(O)c21,1.08,0
O=C1c2ccccc2C(=O)c2c(O)ccc(O)c21,-0.0015,0
O=C1c2ccccc2C(=O)c2c(O)ccc(O)c21,-0.4071,7
O=C1c2ccccc2C(=O)c2c(O)ccc(O)c21,-0.4963,13
O=C1c2ccccc2C(=O)c2c1cc(S(=O)(=O)O)c(O)c2O,0.0154,0
O=C1c2ccccc2C(=O)c2c1cc(S(=O)(=O)O)c(O)c2O,0.082,0
O=C1c2ccccc2C(=O)c2c1cc(S(=O)(=O)O)c(O)c2O,-0.3471,7
O=C1c2ccccc2C(=O)c2c1cc(S(=O)(=O)O)c(O)c2O,-0.69182,13
O=C1c2ccccc2C(=O)c2c1ccc(O)c2O,0.0054,0
O=C1c2ccccc2C(=O)c2c1ccc(O)c2O,-0.4006,7
O=C1c2ccccc2C(=O)c2c1ccc(O)c2O,-0.5462,13
O=C1c2ccccc2C(=O)c2cc(S(=O)(=O)O)ccc21,0.1633,0
O=C1c2ccccc2C(=O)c2cc(S(=O)(=O)O)ccc21,0.187,0
O=C1c2ccccc2C(=O)c2cc(S(=O)(=O)O)ccc21,-0.2081,7
O=C1c2ccccc2C(=O)c2cc(S(=O)(=O)O)ccc21,-0.3343,13
O=C1c2ccccc2C(=O)c2cnncc21,0.538,0
O=C1c2ccccc2C(=O)c2cnncc21,-0.081,14
O=C1c2cnncc2C(=O)c2c(O)ccc(O)c21,0.484,0
O=C1c2cnncc2C(=O)c2c(O)ccc(O)c21,-0.345,14
O=S(=O)(O)CCSc1c(SCCS(=O)(=O)O)c(O)c2c(O)c3ccccc3c(O)c2c1O,0.113,0
O=S(=O)(O)c1cc(O)c(O)c(S(=O)(=O)O)c1,0.863,0
O=S(=O)(O)c1cc(O)c(O)c(S(=O)(=O)O)c1,0.7,7
O=S(=O)(O)c1cc(O)c2c(O)c3ccccc3c(O)c2c1O,0.09,0
O=S(=O)(O)c1cc(O)ccc1O,0.6648,0
O=S(=O)(O)c1cc(O)ccc1O,0.4714,7
O=S(=O)(O)c1cc(O)ccc1O,-0.071,13
O=S(=O)(O)c1cc2c(O)c3ccccc3c(O)c2c(O)c1O,0.06,0
O=S(=O)(O)c1ccc2c(O)c3cc(S(=O)(=O)O)ccc3c(O)c2c1,0.228,0
O=S(=O)(O)c1ccc2c(O)c3ccc(S(=O)(=O)O)cc3c(O)c2c1,0.213,0
O=S(=O)(O)c1ccc2c(O)c3ccccc3c(O)c2c1,0.187,0
O=S(=O)(O)c1ccc2c(O)ccc(O)c2c1,0.534,0
O=S(=O)(O)c1cccc2c(O)c3c(S(=O)(=O)O)cccc3c(O)c12,0.239,0
O=S(=O)(O)c1cccc2c(O)c3ccccc3c(O)c12,0.195,0
O=S(=O)(O)c1cccc2c(O)ccc(O)c12,0.532,0
O=c1[nH][nH]c(=O)c2ccccc12,0.796,0
Oc1c(Cl)c(Cl)c(O)c(Cl)c1Cl,0.701,0
Oc1c(Cl)c(Cl)c(O)c(Cl)c1Cl,0.2771,7
Oc1c(Cl)c(Cl)c(O)c(Cl)c1Cl,0.081,13
Oc1c(F)c(F)c(O)c(F)c1F,0.7074,0
Oc1c(F)c(F)c(O)c(F)c1F,0.237,7
Oc1c(F)c(F)c(O)c(F)c1F,-0.056,13
Oc1c(O)c2ccccc2c2ccccc12,0.442,0
Oc1c2ccccc2c(O)c2ccccc12,0.09,0
Oc1ccc(O)c(Cl)c1,0.71,0
Oc1ccc(O)c(O)c1,0.594,0
Oc1ccc(O)c2ccccc12,0.47,0
Oc1ccc(O)cc1,0.6695,0
Oc1ccc(O)cc1,0.683,0
Oc1ccc(O)cc1,0.699,0
Oc1ccc(O)cc1,0.4337,7
Oc1ccc(O)cc1,0.111,13
Oc1ccc2ccccc2c1O,0.547,0
Oc1ccccc1O,0.782,0
Oc1ccccc1O,0.7831,0
Oc1ccccc1O,0.831,0
Oc1ccccc1O,0.4645,7
Oc1ccccc1O,0.15,13
[O]c1cc(S(=O)(=O)O)cc(S(=O)(=O)O)c1[O],0.895,0
c1ccc2nc3ccccc3nc2c1,0.4033,0
c1ccc2nc3ccccc3nc2c1,-0.36,14
c1cnccn1,-0.0132,0
